show databases;
use collegemanagementsystem;

CREATE TABLE Student08(StudentID INT PRIMARY KEY,FirstName VARCHAR(50),LastName VARCHAR(50),DateOfBirth DATE,Gender VARCHAR(10),Email VARCHAR(30),Phone VARCHAR(10),Address VARCHAR(30));
desc student08;

INSERT INTO student08 (StudentID, FirstName, LastName, DateOfBirth, Gender, Email, Phone, Address) VALUES
(1, 'John', 'Doe', '2000-01-01', 'M', 'john.doe@example.com', '1234567890', '123 Main St'),
(2, 'Jane', 'Smith', '2000-02-02', 'F', 'jane.smith@example.com', '2345678901', '456 Elm St'),
(3, 'Alice', 'Johnson', '2000-03-03', 'F', 'alice.johnson@example.com', '3456789012', '789 Oak St'),
(4, 'Bob', 'Brown', '2000-04-04', 'M', 'bob.brown@example.com', '4567890123', '101 Maple St'),
(5, 'Charlie', 'Davis', '2000-05-05', 'M', 'charlie.davis@example.com', '5678901234', '202 Pine St'),
(6, 'Eve', 'Taylor', '2000-06-06', 'F', 'eve.taylor@example.com', '6789012345', '303 Cedar St'),
(7, 'Frank', 'Miller', '2000-07-07', 'M', 'frank.miller@example.com', '7890123456', '404 Birch St'),
(8, 'Grace', 'Wilson', '2000-08-08', 'F', 'grace.wilson@example.com', '8901234567', '505 Spruce St'),
(9, 'Hank', 'Moore', '2000-09-09', 'M', 'hank.moore@example.com', '9012345678', '606 Fir St'),
(10, 'Ivy', 'Taylor', '2000-10-10', 'F', 'ivy.taylor@example.com', '0123456789', '707 Ash St'),
(11, 'Lisa', 'King', '2000-11-01', 'F', 'lisa.king@example.com', '1928374655', '112 Ivy St'),
(12, 'Mark', 'Harris', '2000-11-02', 'M', 'mark.harris@example.com', '2837465512', '113 Oak St'),
(13, 'Nina', 'White', '2000-11-03', 'F', 'nina.white@example.com', '3746551283', '114 Pine St'),
(14, 'Oscar', 'Walker', '2000-11-04', 'M', 'oscar.walker@example.com', '4655128374', '115 Birch St'),
(15, 'Pam', 'Young', '2000-11-05', 'F', 'pam.young@example.com', '5512837465', '116 Cedar St'),
(16, 'Quinn', 'Lewis', '2000-11-06', 'M', 'quinn.lewis@example.com', '6128374655', '117 Spruce St'),
(17, 'Rose', 'Lee', '2000-11-07', 'F', 'rose.lee@example.com', '7837465512', '118 Fir St'),
(18, 'Sam', 'Martin', '2000-11-08', 'M', 'sam.martin@example.com', '8374655128', '119 Ash St'),
(19, 'Tina', 'Green', '2000-11-09', 'F', 'tina.green@example.com', '9465512837', '120 Maple St'),
(20, 'Uma', 'Hall', '2000-11-10', 'F', 'uma.hall@example.com', '1055128374', '121 Elm St'),
(21, 'Sarah', 'Williams', '2003-04-12', 'Female', 'sarah.williams@email.com', '1112223333', '555 Maple St'),
(22, 'David', 'Martinez', '2000-08-25', 'Male', 'david.martinez@email.com', '9998887777', '777 Birch St'),
(23, 'Jessica', 'Garcia', '1999-11-17', 'Female', 'jessica.garcia@email.com', '4443332222', '999 Cedar St'),
(24, 'Matthew', 'Nguyen', '2001-02-28', 'Male', 'matthew.nguyen@email.com', '6667778888', '222 Walnut St'),
(25, 'Ava', 'Lee', '2002-06-10', 'Female', 'ava.lee@email.com', '1231231234', '111 Pine St'),
(26, 'Daniel', 'Lopez', '2001-09-22', 'Male', 'daniel.lopez@email.com', '9876543210', '222 Elm St'),
(27, 'Sophia', 'Gonzalez', '2003-03-05', 'Female', 'sophia.gonzalez@email.com', '5554443333', '333 Oak St'),
(28, 'Ethan', 'Hernandez', '2000-12-15', 'Male', 'ethan.hernandez@email.com', '7778889999', '444 Maple St'),
(29, 'Olivia', 'Perez', '1999-08-20', 'Female', 'olivia.perez@email.com', '9990001111', '555 Birch St'),
(30, 'Mia', 'Rodriguez', '2002-04-30', 'Female', 'mia.rodriguez@email.com', '7779991111', '666 Walnut St'),
(31, 'James', 'Gomez', '2001-10-18', 'Male', 'james.gomez@email.com', '3332225555', '777 Oak St'),
(32, 'Emily', 'Torres', '2003-01-25', 'Female', 'emily.torres@email.com', '4446668888', '888 Pine St'),
(33, 'William', 'Flores', '2000-07-12', 'Male', 'william.flores@email.com', '2223334444', '999 Elm St'),
(34,'Charlotte', 'Rivera', '1999-11-05', 'Female', 'charlotte.rivera@email.com', '8887776666', '000 Cedar St'),
(35, 'Liam', 'Martinez', '2002-08-15', 'Male', 'liam.martinez@email.com', '1234567890', '123 Oak St'),
(36, 'Amelia', 'Garcia', '2001-02-28', 'Female', 'amelia.garcia@email.com', '9876543210', '456 Elm St'),
(37, 'Henry', 'Sanchez', '2003-05-20', 'Male', 'henry.sanchez@email.com', '5555555555', '789 Maple St'),
(38, 'Ella', 'Ramirez', '2000-10-10', 'Female', 'ella.ramirez@email.com', '7777777777', '012 Birch St'),
(39, 'Benjamin', 'Torres', '1999-04-05', 'Male', 'benjamin.torres@email.com', '9999999999', '345 Cedar St'),
(40, 'Sophia', 'Lopez', '2002-03-12', 'Female', 'sophia.lopez@email.com', '1112223333', '678 Pine St'),
(41, 'Oliver', 'Hernandez', '2001-09-25', 'Male', 'oliver.hernandez@email.com', '4447779999', '234 Elm St'),
(42, 'Ava', 'Gonzalez', '2003-06-08', 'Female', 'ava.gonzalez@email.com', '6669991111', '890 Maple St'),
(43, 'Lucas', 'Perez', '2000-11-30', 'Male', 'lucas.perez@email.com', '2228887777', '567 Oak St'),
(44, 'Isabella', 'Diaz', '1999-07-17', 'Female', 'isabella.diaz@email.com', '3335554444', '123 Walnut St'),
(45, 'Mia', 'Martinez', '2002-04-18', 'Female', 'mia.martinez@email.com', '7778889999', '456 Pine St'),
(46, 'Ethan', 'Lopez', '2001-10-22', 'Male', 'ethan.lopez@email.com', '1113335555', '789 Elm St'),
(47, 'Charlotte', 'Garcia', '2003-07-09', 'Female', 'charlotte.garcia@email.com', '2224446666', '012 Maple St'),
(48, 'Alexander', 'Hernandez', '2000-12-03', 'Male', 'alexander.hernandez@email.com', '5557779999', '234 Cedar St'),
(49, 'Amelia', 'Gonzalez', '1999-08-27', 'Female', 'amelia.gonzalez@email.com', '3336669999', '567 Walnut St'),
(50, 'William', 'Perez', '2002-05-14', 'Male', 'william.perez@email.com', '8889991111', '890 Oak St'),
(51, 'Harper', 'Sanchez', '2001-11-28', 'Female', 'harper.sanchez@email.com', '4442228888', '345 Pine St'),
(52, 'James', 'Ramirez', '2003-03-19', 'Male', 'james.ramirez@email.com', '6663335555', '678 Elm St'),
(53, 'Evelyn', 'Torres', '2000-09-10', 'Female', 'evelyn.torres@email.com', '9991113333', '123 Maple St'),
(54, 'Logan', 'Diaz', '1999-06-25', 'Male', 'logan.diaz@email.com', '2224446666', '456 Cedar St'),
(55, 'Avery', 'Ortiz', '2002-08-15', 'Non-Binary', 'avery.ortiz@email.com', '7778889999', '789 Pine St'),
(56, 'Sofia', 'Castillo', '2001-04-30', 'Female', 'sofia.castillo@email.com', '1113335555', '012 Elm St'),
(57, 'Benjamin', 'Rodriguez', '2003-01-12', 'Male', 'benjamin.rodriguez@email.com', '2224446666', '234 Maple St'),
(58, 'Luna', 'Flores', '2000-05-28', 'Female', 'luna.flores@email.com', '5557779999', '567 Cedar St'),
(59, 'Mateo', 'Gutierrez', '1999-02-10', 'Male', 'mateo.gutierrez@email.com', '3336669999', '890 Walnut St'),
(60, 'Zoe', 'Reyes', '2002-09-18', 'Female', 'zoe.reyes@email.com', '8889991111', '345 Oak St'),
(61, 'Sebastian', 'Navarro', '2001-06-24', 'Male', 'sebastian.navarro@email.com', '4442228888', '678 Pine St'),
(62, 'Lucia', 'Jimenez', '2003-02-04', 'Female', 'lucia.jimenez@email.com', '6663335555', '123 Elm St'),
(63, 'Diego', 'Santos', '2000-07-20', 'Male', 'diego.santos@email.com', '9991113333', '456 Maple St'),
(64, 'Valentina', 'Vargas', '1999-04-05', 'Female', 'valentina.vargas@email.com', '2224446666', '789 Cedar St'),
(65, 'Elena', 'Hernandez', '2002-03-12', 'Female', 'elena.hernandez@email.com', '7778889999', '789 Pine St'),
(66, 'Gabriel', 'Silva', '2001-10-25', 'Male', 'gabriel.silva@email.com', '1113335555', '012 Elm St'),
(67, 'Camila', 'Lopez', '2003-07-08', 'Female', 'camila.lopez@email.com', '2224446666', '234 Maple St'),
(68, 'Alejandro', 'Torres', '2000-11-19', 'Male', 'alejandro.torres@email.com', '5557779999', '567 Cedar St'),
(69, 'Isabella', 'Garcia', '1999-09-02', 'Female', 'isabella.garcia@email.com', '3336669999', '890 Walnut St'),
(70, 'Julian', 'Martinez', '2002-01-15', 'Male', 'julian.martinez@email.com', '8889991111', '345 Oak St'),
(71, 'Mariana', 'Perez', '2001-08-28', 'Female', 'mariana.perez@email.com', '4442228888', '678 Pine St'),
(72, 'Carlos', 'Ramirez', '2003-05-17', 'Male', 'carlos.ramirez@email.com', '6663335555', '123 Elm St'),
(73, 'Sofia', 'Gomez', '2000-12-30', 'Female', 'sofia.gomez@email.com', '9991113333', '456 Maple St'),
(74, 'Andres', 'Herrera', '1999-06-14', 'Male', 'andres.herrera@email.com', '2224446666', '789 Cedar St'),
(75, 'Valeria', 'Diaz', '2002-02-07', 'Female', 'valeria.diaz@email.com', '7778889999', '789 Pine St'),
(76, 'Diego', 'Rodriguez', '2001-04-23', 'Male', 'diego.rodriguez@email.com', '1113335555', '012 Elm St'),
(77, 'Lucia', 'Reyes', '2003-09-15', 'Female', 'lucia.reyes@email.com', '2224446666', '234 Maple St'),
(78, 'Javier', 'Santos', '2000-12-18', 'Male', 'javier.santos@email.com', '5557779999', '567 Cedar St'),
(79, 'Marcela', 'Jimenez', '1999-10-01', 'Female', 'marcela.jimenez@email.com', '3336669999', '890 Walnut St'),
(80, 'Ricardo', 'Fernandez', '2002-02-14', 'Male', 'ricardo.fernandez@email.com', '8889991111', '345 Oak St'),
(81, 'Ana', 'Martinez', '2001-09-27', 'Female', 'ana.martinez@email.com', '4442228888', '678 Pine St'),
(82, 'Pablo', 'Gonzalez', '2003-06-10', 'Male', 'pablo.gonzalez@email.com', '6663335555', '123 Elm St'),
(83, 'Carmen', 'Ortiz', '2000-11-23', 'Female', 'carmen.ortiz@email.com', '9991113333', '456 Maple St'),
(84, 'Luis', 'Morales', '1999-07-17', 'Male', 'luis.morales@email.com', '2224446666', '789 Cedar St'),
(85, 'Monica', 'Vargas', '2002-03-03', 'Female', 'monica.vargas@email.com', '7778889999', '789 Pine St'),
(86, 'Isabella', 'Lopez', '2003-05-28', 'Female', 'isabella.lopez@email.com', '5557779999', '234 Oak St'),
(87, 'Mateo', 'Ramirez', '2000-08-12', 'Male', 'mateo.ramirez@email.com', '8889991111', '567 Elm St'),
(88, 'Sofia', 'Garcia', '2002-01-19', 'Female', 'sofia.garcia@email.com', '4442228888', '890 Maple St'),
(89, 'Alejandro', 'Hernandez', '1999-12-04', 'Male', 'alejandro.hernandez@email.com', '6663335555', '345 Cedar St'),
(90, 'Camila', 'Perez', '2001-07-07', 'Female', 'camila.perez@email.com', '9991113333', '678 Pine St'),
(91, 'Nicolas', 'Torres', '2003-02-22', 'Male', 'nicolas.torres@email.com', '2224446666', '123 Walnut St'),
(92, 'Valentina', 'Diaz', '2000-09-05', 'Female', 'valentina.diaz@email.com', '7778889999', '456 Elm St'),
(93, 'Gabriel', 'Sanchez', '1999-04-18', 'Male', 'gabriel.sanchez@email.com', '1113335555', '789 Maple St'),
(94, 'Juliana', 'Rivera', '2002-11-30', 'Female', 'juliana.rivera@email.com', '3336669999', '234 Cedar St'),
(95, 'Emilio', 'Gomez', '2001-06-13', 'Male', 'emilio.gomez@email.com', '5557779999', '567 Pine St'),
(96, 'Luciana', 'Martinez', '2003-09-17', 'Female', 'luciana.martinez@email.com', '8882225555', '890 Oak St'),
(97, 'Diego', 'Vargas', '2000-04-02', 'Male', 'diego.vargas@email.com', '4447771111', '123 Elm St'),
(98, 'Valeria', 'Jimenez', '2002-02-15', 'Female', 'valeria.jimenez@email.com', '6669993333', '456 Maple St'),
(99, 'Carlos', 'Reyes', '1999-11-08', 'Male', 'carlos.reyes@email.com', '2225558888', '678 Cedar St'),
(100, 'Marcela', 'Gonzalez', '2001-08-25', 'Female', 'marcela.gonzalez@email.com', '9993336666', '345 Pine St');

select * from student08;

CREATE TABLE Course08(CourseID INT PRIMARY KEY,CourseName VARCHAR(50),Department VARCHAR(50),Credits INT);
desc course08;

INSERT INTO Course08(CourseID, CourseName, Department, Credits) VALUES 

(101, 'Art History', 'Fine Arts', 3),
(102, 'Microeconomics', 'Economics', 3),
(103, 'Introduction to Sociology', 'Sociology', 3),
(104, 'World History', 'History', 3),
(105, 'Environmental Science', 'Science', 4),
(106, 'Business Communication', 'Business', 3),
(107, 'Introduction to Literature', 'English', 3),
(108, 'Physics I', 'Physics', 4),
(109, 'Spanish Language', 'Languages', 3),
(110, 'Marketing Principles', 'Marketing', 3),
(111, 'Introduction to Statistics', 'Mathematics', 3),
(112, 'Introduction to Political Science', 'Political Science', 3),
(113, 'Introduction to Anthropology', 'Anthropology', 3),
(114, 'Digital Marketing', 'Marketing', 3),
(115, 'Introduction to Ethics', 'Philosophy', 3),
(116, 'Music Appreciation', 'Music', 3),
(117, 'Introduction to Criminal Justice', 'Criminal Justice', 3),
(118, 'Introduction to Engineering', 'Engineering', 4),
(119, 'Graphic Design Fundamentals', 'Design', 3),
(120, 'Introduction to Public Health', 'Public Health', 3),
(121, 'Introduction to Psychology', 'Psychology', 3),
(122, 'Computer Science I', 'Computer Science', 4),
(123, 'Principles of Marketing', 'Marketing', 3),
(124, 'Organizational Behavior', 'Business', 3),
(125, 'American Literature', 'English', 3),
(126, 'Chemistry I', 'Chemistry', 4),
(127, 'Introduction to Film Studies', 'Film Studies', 3),
(128, 'Macroeconomics', 'Economics', 3),
(129, 'Human Resource Management', 'Business', 3),
(130, 'Introduction to Philosophy', 'Philosophy', 3),
(131, 'Introduction to Nutrition', 'Nutrition', 3),
(132, 'Artificial Intelligence Fundamentals', 'Computer Science', 4),
(133, 'Introduction to Linguistics', 'Linguistics', 3),
(134, 'Introduction to Music Theory', 'Music', 3),
(135, 'Introduction to Astronomy', 'Astronomy', 3),
(136, 'Introduction to Education', 'Education', 3),
(137, 'Introduction to Geology', 'Geology', 3),
(138, 'Introduction to Public Relations', 'Communication', 3),
(139, 'Introduction to Dance', 'Performing Arts', 3),
(140, 'Introduction to Cybersecurity', 'Computer Science', 4),
(141, 'Introduction to Environmental Science', 'Environmental Science', 3),
(142, 'Introduction to World History', 'History', 3),
(143, 'Introduction to Sociology', 'Sociology', 3),
(144, 'Introduction to Business Law', 'Business Law', 3),
(145, 'Introduction to Art History', 'Art History', 3),
(146, 'Introduction to Microbiology', 'Biology', 4),
(147, 'Introduction to Theatre', 'Theatre', 3),
(148, 'Introduction to Data Science', 'Computer Science', 4),
(149, 'Introduction to Communication Studies', 'Communication', 3),
(150, 'Introduction to Economics', 'Economics', 3),
(151, 'Introduction to Political Science', 'Political Science', 3),
(152, 'Introduction to Statistics', 'Mathematics', 3),
(153, 'Introduction to Environmental Ethics', 'Philosophy', 3),
(154, 'Introduction to Public Health', 'Public Health', 3),
(155, 'Introduction to Graphic Design', 'Art', 3),
(156, 'Introduction to Spanish', 'Language Studies', 3),
(157, 'Introduction to Criminal Justice', 'Criminal Justice', 3),
(158, 'Introduction to Engineering', 'Engineering', 4),
(159, 'Introduction to Cultural Anthropology', 'Anthropology', 3),
(160, 'Introduction to Human Anatomy', 'Biology', 4),
(161, 'Introduction to Psychology', 'Psychology', 3),
(162, 'Introduction to Marketing', 'Marketing', 3),
(163, 'Introduction to Film Studies', 'Film Studies', 3),
(164, 'Introduction to Organic Chemistry', 'Chemistry', 4),
(165, 'Introduction to Literature', 'English', 3),
(166, 'Introduction to Political Philosophy', 'Philosophy', 3),
(167, 'Introduction to Computer Graphics', 'Computer Science', 4),
(168, 'Introduction to Fashion Design', 'Fashion Design', 3),
(169, 'Introduction to International Relations', 'Political Science', 3),
(170, 'Introduction to Social Work', 'Social Work', 3),
(171, 'Introduction to Nutrition', 'Nutrition', 3),
(172, 'Introduction to Music Theory', 'Music', 3),
(173, 'Introduction to Geology', 'Geology', 3),
(174, 'Introduction to Astrophysics', 'Physics', 4),
(175, 'Introduction to Public Relations', 'Communication', 3),
(176, 'Introduction to Environmental Economics', 'Economics', 3),
(177, 'Introduction to Artificial Intelligence', 'Computer Science', 4),
(178, 'Introduction to Developmental Psychology', 'Psychology', 3),
(179, 'Introduction to Urban Planning', 'Urban Studies', 3),
(180, 'Introduction to Cybersecurity', 'Computer Science', 4),
(181, 'Introduction to Microbiology', 'Biology', 4),
(182, 'Introduction to Art History', 'Art History', 3),
(183, 'Introduction to Data Science', 'Computer Science', 4),
(184, 'Introduction to Sociology', 'Sociology', 3),
(185, 'Introduction to Business Management', 'Business', 3),
(186, 'Introduction to Environmental Science', 'Environmental Science', 3),
(187, 'Introduction to Creative Writing', 'English', 3),
(188, 'Introduction to Human Resource Management', 'Business', 3),
(189, 'Introduction to Neuroscience', 'Psychology', 4),
(190, 'Introduction to Philosophy of Mind', 'Philosophy', 3),
(191, 'Introduction to Art Therapy', 'Psychology', 3),
(192, 'Introduction to Web Development', 'Computer Science', 4),
(193, 'Introduction to Linguistics', 'Linguistics', 3),
(194, 'Introduction to Astronomy', 'Physics', 4),
(195, 'Introduction to Political Economy', 'Economics', 3),
(196, 'Introduction to Theater Arts', 'Theater', 3),
(197, 'Introduction to Public Policy', 'Political Science', 3),
(198, 'Introduction to Human Rights', 'Human Rights Studies', 3),
(199, 'Introduction to Game Design', 'Computer Science', 4),
(200, 'Introduction to Music Production', 'Music', 3);

select * from course08;

CREATE TABLE Professor07(ProfessorID INT PRIMARY KEY,ProfessorName VARCHAR(50),Department VARCHAR(50),position VARCHAR(30));
desc professor07;

INSERT INTO Professor07 (ProfessorID, ProfessorName, Department, Position) VALUES 
(1, 'Dr. Sarah Johnson', 'Biology', 'Associate Professor'),
(2, 'Dr. Michael Lee', 'Computer Science', 'Professor'),
(3, 'Dr. Emily Chen', 'Psychology', 'Assistant Professor'),
(4, 'Dr. David Rodriguez', 'Chemistry', 'Associate Professor'),
(5, 'Dr. Jessica Wong', 'Mathematics', 'Professor'),
(6, 'Dr. Brian Adams', 'Physics', 'Assistant Professor'),
(7, 'Dr. Samantha Patel', 'Sociology', 'Associate Professor'),
(8, 'Dr. Kevin Smith', 'Business', 'Professor'),
(9, 'Dr. Rachel White', 'English', 'Assistant Professor'),
(10, 'Dr. Alex Campbell', 'Art History', 'Associate Professor'),
(11, 'Dr. Laura Martinez', 'Economics', 'Professor'),
(12, 'Dr. Daniel Brown', 'Political Science', 'Assistant Professor'),
(13, 'Dr. Maria Garcia', 'History', 'Associate Professor'),
(14, 'Dr. James Wilson', 'Philosophy', 'Professor'),
(15, 'Dr. Jennifer Nguyen', 'Chemical Engineering', 'Assistant Professor'),
(16, 'Dr. William Thompson', 'Music', 'Associate Professor'),
(17, 'Dr. Laura Adams', 'Theater', 'Professor'),
(18, 'Dr. Eric Roberts', 'Environmental Science', 'Assistant Professor'),
(19, 'Dr. Michelle Lewis', 'Human Rights Studies', 'Associate Professor'),
(20, 'Dr. Christopher Clark', 'Neuroscience', 'Professor'),
(21, 'Dr. Samantha Baker', 'Geology', 'Associate Professor'),
(22, 'Dr. Mark Taylor', 'Linguistics', 'Professor'),
(23, 'Dr. Ashley Clark', 'Anthropology', 'Assistant Professor'),
(24, 'Dr. Ryan Adams', 'Electrical Engineering', 'Associate Professor'),
(25, 'Dr. Megan Roberts', 'Nutrition', 'Professor'),
(26, 'Dr. Jordan White', 'Public Health', 'Assistant Professor'),
(27, 'Dr. Amanda Martinez', 'Social Work', 'Associate Professor'),
(28, 'Dr. Tyler Johnson', 'Criminal Justice', 'Professor'),
(29, 'Dr. Lauren Kim', 'Communication Studies', 'Assistant Professor'),
(30, 'Dr. Brandon Garcia', 'Film Studies', 'Associate Professor'),
(31, 'Dr. Natalie Brown', 'Astronomy', 'Professor'),
(32, 'Dr. Ethan Wilson', 'Mechanical Engineering', 'Assistant Professor'),
(33, 'Dr. Sophia Adams', 'Education', 'Associate Professor'),
(34, 'Dr. Dylan Miller', 'Architecture', 'Professor'),
(35, 'Dr. Olivia Perez', 'Public Policy', 'Assistant Professor'),
(36, 'Dr. Henry Carter', 'Geography', 'Associate Professor'),
(37, 'Dr. Victoria Lee', 'Fashion Design', 'Professor'),
(38, 'Dr. Isaac Rodriguez', 'Sports Management', 'Assistant Professor'),
(39, 'Dr. Lily Campbell', 'Culinary Arts', 'Associate Professor'),
(40, 'Dr. Oscar Martinez', 'Meteorology', 'Professor'),
(41, 'Dr. Emily Wright', 'Psychology', 'Associate Professor'),
(42, 'Dr. Jacob Hall', 'Music Theory', 'Professor'),
(43, 'Dr. Sarah Adams', 'Sociology', 'Assistant Professor'),
(44, 'Dr. Michael Thompson', 'Computer Science', 'Associate Professor'),
(45, 'Dr. Rachel Lewis', 'Environmental Studies', 'Professor'),
(46, 'Dr. Christopher Young', 'History', 'Assistant Professor'),
(47, 'Dr. Jenna Martinez', 'Political Science', 'Associate Professor'),
(48, 'Dr. Lucas Scott', 'Economics', 'Professor'),
(49, 'Dr. Maya Patel', 'Art History', 'Assistant Professor'),
(50, 'Dr. Logan White', 'Chemistry', 'Associate Professor'),
(51, 'Dr. Ava Green', 'Mathematics', 'Professor'),
(52, 'Dr. Benjamin Garcia', 'English Literature', 'Assistant Professor'),
(53, 'Dr. Zoe Carter', 'Dance', 'Associate Professor'),
(54, 'Dr. Jason Kim', 'Philosophy', 'Professor'),
(55, 'Dr. Sophia Adams', 'Education', 'Assistant Professor'),
(56, 'Dr. Nathan Rivera', 'Business Administration', 'Associate Professor'),
(57, 'Dr. Harper Lee', 'Theater Arts', 'Professor'),
(58, 'Dr. Leo Rodriguez', 'Biomedical Engineering', 'Assistant Professor'),
(59, 'Dr. Emma Campbell', 'Fine Arts', 'Associate Professor'),
(60, 'Dr. Oliver Martinez', 'Physics', 'Professor'),
(61, 'Dr. Isabella Adams', 'Nutrition', 'Assistant Professor'),
(62, 'Dr. Samuel Baker', 'Geology', 'Associate Professor'),
(63, 'Dr. Mia Wright', 'Linguistics', 'Professor'),
(64, 'Dr. Ethan Foster', 'Astronomy', 'Assistant Professor'),
(65,'Dr. Lily Garcia', 'Social Work', 'Associate Professor'),
(66, 'Dr. Noah Mitchell', 'Public Health', 'Professor'),
(67, 'Dr. Grace Cooper', 'Communication Studies', 'Assistant Professor'),
(68, 'Dr. Owen Ward', 'Criminal Justice', 'Associate Professor'),
(69, 'Dr. Eva Hill', 'Engineering', 'Professor'),
(70, 'Dr. Lucas Reed', 'Anthropology', 'Assistant Professor'),
(71, 'Dr. Maya Carter', 'Nursing', 'Associate Professor'),
(72, 'Dr. Leo Brooks', 'Kinesiology', 'Professor'),
(73, 'Dr. Zoe Powell', 'Social Sciences', 'Assistant Professor'),
(74, 'Dr. Nathan Bennett', 'Public Administration', 'Associate Professor'),
(75, 'Dr. Mia Foster', 'Statistics', 'Professor'),
(76, 'Dr. Oliver Ward', 'Architecture', 'Assistant Professor'),
(77, 'Dr. Emily Hayes', 'Fashion Design', 'Associate Professor'),
(78, 'Dr. Jacob Bryant', 'Counseling Psychology', 'Professor'),
(79, 'Dr. Sofia Price', 'Hospitality Management', 'Assistant Professor'),
(80, 'Dr. Benjamin Wells', 'Urban Planning', 'Associate Professor'),
(81, 'Dr. Harper Martinez', 'Psychology', 'Assistant Professor'),
(82, 'Dr. Stella Collins', 'Sociology', 'Associate Professor'),
(83, 'Dr. Leo Rivera', 'Computer Science', 'Professor'),
(84, 'Dr. Nora Evans', 'Music', 'Assistant Professor'),
(85, 'Dr. Aaron Hughes', 'Economics', 'Associate Professor'),
(86, 'Dr. Eva Simmons', 'Political Science', 'Professor'),
(87, 'Dr. Owen Fisher', 'English Literature', 'Assistant Professor'),
(88, 'Dr. Maya Ward', 'History', 'Associate Professor'),
(89, 'Dr. Liam Bennett', 'Environmental Science', 'Professor'),
(90, 'Dr. Zoe Parker', 'Art History', 'Assistant Professor'),
(91, 'Dr. Lucas Reed', 'Mathematics', 'Associate Professor'),
(92, 'Dr. Isabella Foster', 'Business Administration', 'Professor'),
(93, 'Dr. Noah Carter', 'Physics', 'Assistant Professor'),
(94, 'Dr. Grace Cooper', 'Chemistry', 'Associate Professor'),
(95, 'Dr. Mia Wright', 'Education', 'Professor'),
(96, 'Dr. Samuel Baker', 'Theater Arts', 'Assistant Professor'),
(97, 'Dr. Lily Garcia', 'Environmental Studies', 'Associate Professor'),
(98, 'Dr. Ethan Mitchell', 'Philosophy', 'Professor'),
(99, 'Dr. Emily Hayes', 'Film Studies', 'Assistant Professor'),
(100, 'Dr. Jacob Bryant', 'Religious Studies', 'Associate Professor');

select * from professor07;

CREATE TABLE Enrollment00 (EnrollmentID INT PRIMARY KEY,StudentID INT,CourseID INT,EnrollmentDate DATE, Grade VARCHAR(5),FOREIGN KEY (StudentID) REFERENCES Student08(StudentID),FOREIGN KEY (CourseID) REFERENCES Course08(courseID));
desc Enrollment00;
INSERT INTO Enrollment00 (EnrollmentID, StudentID, CourseID, EnrollmentDate, Grade) VALUES 
(501, 1, 101, '2024-06-05', 'A'),
(502, 2, 102, '2024-06-05', 'B+'),
(503, 3, 103, '2024-06-05', 'A-'),
(504, 4, 104, '2024-06-05', 'B'),
(505, 5, 105, '2024-06-05', 'C+'),
(506, 6, 106, '2024-06-05', 'A'),
(507, 7, 107, '2024-06-05', 'B-'),
(508, 8, 108, '2024-06-05', 'C'),
(509, 9, 109, '2024-06-05', 'A'),
(510, 10, 110, '2024-06-05', 'B+'),
(511, 11, 111, '2024-06-05', 'A-'),
(512, 12, 112, '2024-06-05', 'B'),
(513, 13, 113, '2024-06-05', 'C+'),
(514, 14, 114, '2024-06-05', 'A'),
(515,15, 115, '2024-06-05', 'B-'),
(516, 16, 116, '2024-06-05', 'C'),
(517, 17, 117, '2024-06-05', 'A'),
(523, 23, 123, '2024-06-05', 'B+'),
(524, 24, 124, '2024-06-05', 'A-'),
(525, 25, 125, '2024-06-05', 'B'),
(526, 26, 126, '2024-06-05', 'C+'),
(527, 27, 127, '2024-06-05', 'A'),
(528, 28, 128, '2024-06-05', 'B-'),
(529, 29, 129, '2024-06-05', 'C'),
(530, 30, 130, '2024-06-05', 'A'),
(531, 31, 131, '2024-06-05', 'B+'),
(532, 32, 132, '2024-06-05', 'A-'),
(533, 33, 133, '2024-06-05', 'B'),
(534, 34, 134, '2024-06-05', 'C+'),
(535, 35, 135, '2024-06-05', 'A'),
(536, 36, 136, '2024-06-05', 'B-'),
(537, 37, 137, '2024-06-05', 'C'),
(538, 38, 138, '2024-06-05', 'A'),
(539, 39, 139, '2024-06-05', 'B+'),
(540, 40, 140, '2024-06-05', 'A-'),
(541, 41, 141, '2024-06-05', 'B'),
(542, 42, 142, '2024-06-05', 'C+'),
(543, 43, 143, '2024-06-05', 'C'),
(544, 44, 144, '2024-06-05', 'A'),
(545, 45, 145, '2024-06-05', 'B-'),
(546, 46, 146, '2024-06-05', 'C'),
(547, 47,147, '2024-06-05', 'A'),
(548, 48, 148, '2024-06-05', 'B+'),
(549, 49, 149, '2024-06-05', 'A-'),
(550, 50, 150, '2024-06-05', 'B'),
(551, 51, 151, '2024-06-05', 'C+'),
(552, 52, 152, '2024-06-05', 'A'),
(553, 53, 153, '2024-06-05', 'B-'),
(554, 54, 154, '2024-06-05', 'C'),
(555, 55, 155, '2024-06-05', 'A'),
(556, 56, 156, '2024-06-05', 'B+'),
(557, 57, 157, '2024-06-05', 'A-'),
(558, 58, 158, '2024-06-05', 'B'),
(559, 59, 159, '2024-06-05', 'C+'),
(560, 60, 160, '2024-06-05', 'A'),
(561, 61, 161, '2024-06-05', 'B-'),
(562, 62, 162, '2024-06-05', 'C'),
(563, 63, 163, '2024-06-05', 'A'),
(564, 64, 164, '2024-06-05', 'B+'),
(565, 65, 165, '2024-06-05', 'A-'),
(566, 66, 166, '2024-06-05', 'B'),
(567, 67, 167, '2024-06-05', 'C+'),
(568, 68, 168, '2024-06-05', 'A'),
(569, 69, 169, '2024-06-05', 'B-'),
(570, 70, 170, '2024-06-05', 'C'),
(571, 71, 171, '2024-06-05', 'A'),
(572, 72, 172, '2024-06-05', 'B+'),
(573, 73, 173, '2024-06-05', 'A-'),
(574, 74, 174, '2024-06-05', 'B'),
(575, 75, 175, '2024-06-05', 'C+'),
(576, 76, 176, '2024-06-05', 'A'),
(577, 77, 177, '2024-06-05', 'B-'),
(578, 78, 178, '2024-06-05', 'C'),
(579, 79, 179, '2024-06-05', 'A'),
(580, 80, 180, '2024-06-05', 'B+'),
(581, 81, 181, '2024-06-05', 'A-'),
(582, 82, 182, '2024-06-05', 'B'),
(583, 83, 183, '2024-06-05', 'C+'),
(584, 84, 184, '2024-06-05', 'A'),
(585, 85, 185, '2024-06-05', 'B-'),
(586, 86, 186, '2024-06-05', 'C'),
(587, 87, 187, '2024-06-05', 'A'),
(588, 88, 188, '2024-06-05', 'B+'),
(589, 89, 189, '2024-06-05', 'A'),
(590, 90, 190, '2024-06-05', 'B-'),
(591, 91, 191, '2024-06-05', 'C+'),
(592, 92, 192, '2024-06-05', 'A'),
(593, 93, 193, '2024-06-05', 'B-'),
(594, 94, 194, '2024-06-05', 'C'),
(595, 95, 195, '2024-06-05', 'A-'),
(596, 96, 196, '2024-06-05', 'B'),
(597, 97, 197, '2024-06-05', 'C+'),
(598, 98, 198, '2024-06-05', 'A'),
(599, 99, 199, '2024-06-05', 'B+'),
(600, 100, 200, '2024-06-05', 'A-');

select * from enrollment00;
CREATE TABLE Departments (DepartmentID INT PRIMARY KEY,DepartmentName VARCHAR(50),HeadProfessorID INT,Phone VARCHAR(15),FOREIGN KEY (headProfessorID) REFERENCES Professor07(ProfessorID));
desc Departments;

INSERT INTO Departments (DepartmentID, DepartmentName, HeadProfessorID, Phone)
VALUES
(1, 'Economics', 1,'111-222-3333'),
(2, 'Psychology', 2,'444-555-6666'),
(3, 'Sociology', 3,'777-888-9999'),
(4, 'Political Science',4,'123-456-7890'),
(5, 'Art History',5,'987-654-3210'),
(6, 'Philosophy',6,'444-555-6666'),
(7, 'Environmental Science',7,'777-888-9999'),
(8, 'Business Administration',8,'123-456-7890'),
(9, 'Marketing',9,'987-654-3210'),
(10, 'Music',10,'111-222-3333'),
(11 ,'Drama',11,'444-555-6666'),
(12, 'Anthropology',12,'777-888-9999'),
(13, 'Engineering',13,'123-456-7890'),
(14, 'Architecture',14,'987-654-3210'),
(15, 'Nutrition',15,'111-222-3333'),
(16 ,'Public Health',16,'444-555-6666'),
(17, 'Foreign Languages',17,'777-888-9999'),
(18, 'Education',18,'123-456-7890'),
(19, 'Criminal Justice',19,'987-654-3210'),
(20, 'Nursing',20,'111-222-3333'),
(21, 'Social Work',21,'444-555-6666'),
(22, 'Sports Management',22,'777-888-9999'),
(23, 'Computer Science',23,'111-222-3333'),
(24, 'Mathematics',24,'444-555-6666'),
(25, 'Biology',25,'777-888-9999'),
(26, 'History',26,'123-456-7890'),
(27, 'Communications',27,'987-654-3210'),
(28, 'Film Studies',28,'111-222-3333'),
(29, 'Astronomy',29,'444-555-6666'),
(30, 'Statistics',30,'777-888-9999'),
(31, 'Fashion Design',31,'123-456-7890'),
(32, 'Graphic Design',32,'987-654-3210'),
(33, 'Hospitality Management',33,'111-222-3333'),
(34, 'Urban Planning',34,'444-555-6666'),
(35, 'Public Relations',35,'777-888-9999'),
(36, 'Human Resources',36,'123-456-7890'),
(37, 'Culinary Arts',37,'987-654-3210'),
(38, 'Linguistics',38,'111-222-3333'),
(39, 'Veterinary Science',39,'444-555-6666'),
(40, 'Dance',40,'777-888-9999'),
(41, 'Meteorology',41,'123-456-7890'),
(42, 'Marine Biology',42,'987-654-3210'),
(43, 'Physical Therapy',43,'111-222-3333'),
(44, 'Fashion Merchandising',44,'444-555-6666'),
(45, 'Interior Design',45,'777-888-9999'),
(46, 'Theater Arts',46,'123-456-7890'),
(47, 'Forensic Science',47,'987-654-3210'),
(48, 'Aviation Management',48,'111-6754'),
(49, 'Environmental Science',49,'222-333-4444'),
(50, 'Political Science',50,'555-666-7777'),
(51, 'Nutrition',51,'888-999-0000'),
(52, 'Psychology',52,'333-444-5555'),
(53, 'Sociology',53,'666-777-8888'),
(54, 'Criminal Justice',54,'999-000-1111'),
(55, 'Music',55,'444-555-6666'),
(56, 'Physics',56,'777-888-9999'),
(57, 'Chemistry',57,'123-456-7890'),
(58,'Engineering',58,'987-654-3210'),
(59, 'Education',59,'111-222-3333'),
(60, 'Art History',60,'444-555-6666'),
(61, 'Geology',61,'777-888-9999'),
(62, 'Anthropology',62,'123-456-7890'),
(63, 'Economics',63,'987-654-3210'),
(64, 'Architecture',64,'111-222-3333'),
(65, 'Business Administration',65,'444-555-6666'),
(66, 'Public Health',66,'777-888-9999'),
(67, 'Fashion Marketing',67,'123-456-7890'),
(68, 'Journalism',68,'987-654-3210'),
(69, 'Social Work',69,'111-222-3333'),
(70, 'Kinesiology',70,'444-555-6666'),
(71, 'Philosophy',71,'777-888-9999'),
(72, 'International Relations',72,'123-456-7890'),
(73, 'Theology',73,'987-654-3210'),
(74, 'Oceanography',74,'111-222-3333'),
(75, 'Dance',75,'333-222-1111'),
(76, 'Linguistics',76,'666-777-8888'),
(77, 'Astronomy',77,'999-888-7777'),
(78, 'Biomedical Engineering',78,'111-222-3333'),
(79, 'Film Studies',79,'444-555-6666'),
(80, 'Mathematics',80, '777-888-9999'),
(81, 'Environmental Engineering',81,'123-456-7890'),
(82, 'Public Administration',82,'987-654-3210'),
(83, 'Graphic Design',83,'111-222-3333'),
(84, 'Information Technology',84,'444-555-6666'),
(85, 'Drama',85,'777-888-9999'),
(86, 'Culinary Arts',86,'123-456-7890'),
(87, 'Urban Planning',87,'987-654-3210'),
(88, 'Statistics',88,'111-222-3333'),
(89, 'Biotechnology',89,'444-555-6666'),
(90, 'Aviation',90,'777-888-9999'),
(91, 'Hospitality Management',91,'123-456-7890'),
(92, 'Forensic Science',92,'987-654-3210'),
(93, 'Fashion Design',93,'111-222-3333'),
(94, 'Sports Management',94,'444-555-6666'),
(95, 'Marine Biology',95,'777-888-9999'),
(96, 'Meteorology',96,'123-456-7890'),
(97, 'Interior Design',97,'987-654-3210'),
(98, 'Criminal Psychology',98,'111-222-3333'),
(99, 'Robotics',99,'444-555-6666'),
(100, 'Music Production',100,'777-888-999');

select * from Departments;

































